Direction,Pitch,Roll,Yaw
0,0.368992592,5.396441109,116.955747
0,0.566995187,4.227476858,116.9779042
0,2.970676587,355.8290609,117.9715055
0,2.754383493,345.2725685,118.0186064
0,2.385805141,336.0654445,117.3449176
0,2.613739012,332.8438082,118.5709092
0,2.973612715,330.9715389,120.2344701
0,4.543015803,331.0217818,119.975442
0,5.327705928,331.8009237,120.0228572
0,4.920741059,333.459268,119.1245097
90,6.387830261,336.3541617,118.3952504
90,5.910284352,336.7137199,117.5056319
90,5.003121251,337.895732,116.9075669
90,3.799203506,341.5341003,116.2319109
90,3.752026536,342.1432559,115.5533589
90,3.678529859,343.1062528,115.3760746
90,3.666237226,344.0360464,115.1002169
90,3.820602489,344.7378945,114.7983498
90,358.3076548,347.2087803,114.3971718
90,334.7679783,357.5867463,110.4233541
180,331.1038158,2.94970876,109.4160651
180,332.3805267,4.55077191,109.4142073
180,332.8523306,6.960783241,108.9226113
180,337.4391339,15.79541351,109.480064
180,348.7339846,22.17572373,110.8640789
180,355.9268333,26.75709703,111.1322595
180,356.7171998,31.3668822,110.3266182
180,357.8738522,32.24686669,110.2776115
180,358.9360464,31.65648905,110.5274667
180,359.3384619,31.56511136,110.6281027
270,0.49929654,30.96449526,111.1950562
270,0.702067087,31.43618471,111.1643477
270,2.037546175,30.69406075,111.3680649
270,10.12286969,15.80123796,114.1344281
270,11.9410319,11.75060366,114.9569058
270,23.75694668,9.124884283,117.7853691
270,26.93243823,10.42414933,118.1814655
270,28.59803621,9.104617404,118.3920129
270,30.06126763,6.915104643,118.230356
270,30.0541335,6.513790902,117.8803634
0,337.7774997,36.52770142,95.43427859
0,337.4396888,36.62232344,95.55291898
0,337.8531543,35.11730833,96.10558374
0,343.1357234,21.69509015,99.52201704
0,347.7296787,13.03115314,102.3885655
0,345.3658706,5.943326672,101.5325993
0,344.6692801,4.17179929,101.7419446
0,343.8909066,3.64222783,101.3231106
0,344.6364901,2.728548516,102.0900862
0,344.9925666,3.165917118,102.2488676
0,345.1823178,2.732044932,102.0876956
0,346.2580461,2.475547637,102.6598879
0,346.6351998,2.524935027,102.699544
0,346.9493526,2.563862196,102.6816694
0,347.8688191,2.605387612,103.2479672
0,348.624115,0.961455314,103.4178272
0,348.4810977,1.538303529,103.2060367
0,348.450974,1.888814537,103.1453982
0,348.0635025,2.389277865,103.0184865
0,347.9244296,2.65354386,102.8941702
90,348.296867,2.510952776,102.8516728
90,348.8316708,1.89749528,103.0496117
90,349.1424632,1.587037996,103.1710524
90,347.5400402,6.516213058,102.0508946
90,328.3095273,29.72895844,87.13551679
90,317.086041,56.79991802,71.05843311
90,316.7353996,58.82419826,71.25603731
90,316.6600421,59.83622739,70.72015433
90,316.7285216,50.99424357,71.65005043
90,316.4102245,48.78887452,70.39132853
90,316.5751428,46.23668896,72.25879787
90,317.866595,42.32843765,75.46010071
90,319.1374917,40.5141345,77.477561
90,320.5796042,38.16310484,79.83857298
90,320.4557797,38.58628628,78.85658302
90,321.1617002,36.84926672,80.20352365
90,322.1346436,35.04422873,81.13898636
90,322.728993,34.58543809,81.63190062
90,323.5568632,33.79966239,82.38947788
90,324.2986149,33.35339491,82.91806622
180,325.1844016,32.24810296,83.64931994
180,325.4131242,31.81627108,83.6488145
180,327.1320676,32.45815177,86.87028688
180,339.5881555,46.08699171,98.88398858
180,338.5417586,51.85596414,98.14845234
180,338.4978217,55.30509014,99.06713327
180,339.4532234,58.63429851,98.7898754
180,340.0214884,59.44397646,98.77243793
180,340.7753859,58.38149955,99.14051682
180,341.4915261,56.47237289,99.90779295
180,342.5169355,53.43640503,100.5006944
180,343.0250162,52.76331721,100.7901578
180,343.9350143,51.6441873,101.3496869
180,344.0929317,51.68123083,101.8355729
180,344.4815028,50.70629987,102.3168826
180,344.7384921,50.81210292,102.7321513
180,345.2372428,50.58088052,103.2145812
180,345.6845954,50.29715105,103.728874
180,346.2617285,49.86447905,104.6266409
180,346.1211017,49.88794758,105.5388195
270,346.8768442,49.42761333,106.0486589
270,348.2564536,48.50812301,106.9374236
270,5.002993612,34.52596763,113.5100396
270,11.09570292,33.00874356,116.9526598
270,13.34294188,32.87607738,118.2077207
270,15.91255296,30.47994457,120.3131129
270,16.93768581,29.86636135,120.9714475
270,17.42084315,29.92651483,120.9340864
270,17.89251211,29.46972202,121.0914949
270,18.99011838,28.99100089,121.2281533
270,19.14524393,28.70833693,121.0337798
270,19.67914445,27.91787914,120.9991644
270,19.99359612,27.61934352,120.9658604
270,20.39099018,26.99061436,120.8137657
270,20.88401714,26.45652772,120.9192102
270,21.44385189,26.33821348,121.0685728
270,21.66900908,26.08242802,121.1125319
270,21.95466808,25.65706091,121.3218772
270,21.7880661,25.2752004,121.1345797
270,22.01704478,25.0406722,121.0216221
0,58.16614369,207.332363,56.9519956
0,59.36967083,210.8897304,61.63376926
0,59.34242521,210.9932897,63.03321355
0,60.27788109,210.1609356,63.47486724
0,60.49478057,212.9139253,65.97115795
0,60.8144949,216.1304389,69.7018824
0,61.02931801,220.2007946,73.9634355
0,60.36984958,223.9982841,76.92494406
0,59.74384226,226.801667,78.6244932
0,59.01618122,231.9857805,81.70226523
0,58.58788738,236.6119769,85.07706853
0,58.10479493,239.8300069,87.0283238
0,58.59876787,242.1418893,89.19517399
0,58.71790686,243.5712567,90.06600945
0,58.28660774,246.2975199,92.53481548
0,57.24825164,250.4306722,96.72867457
0,56.20110509,253.6484905,99.28303555
0,56.35072039,253.2820918,98.67932879
0,55.31524663,256.4533691,99.81836529
0,54.9155303,257.7438036,99.87950231
0,53.86600344,260.8782799,101.5219306
0,53.0273006,263.2691739,102.5690532
0,52.53721404,265.4309356,103.1675281
0,51.88724641,267.9937046,103.9817959
0,51.08110309,269.9125233,104.6852985
0,50.1546494,271.7822124,105.4535036
0,49.07016904,273.4932158,106.3456902
0,48.42396484,273.8826254,106.3902162
0,47.47354743,275.9001813,107.1683114
0,46.43029751,277.8651038,107.8451763
90,45.09907998,279.6609654,108.414172
90,43.71675897,281.7123649,109.2428925
90,42.70530016,283.5291542,109.7816374
90,41.94581045,288.6772727,108.7778249
90,41.4014512,327.3307817,114.2644544
90,24.95741048,331.3663819,121.5992102
90,15.95673063,330.8872032,122.8048752
90,10.91025134,330.4898672,123.9445059
90,8.757912733,330.6141493,125.6023704
90,11.95386582,327.0921247,126.7310865
90,16.81788429,326.4834831,127.4027399
90,17.64849335,328.8160815,127.9318201
90,15.77027671,330.6735036,127.53515
90,15.33983477,331.4402794,126.7469188
90,14.14893921,333.0240244,126.3572839
90,13.2160899,333.5711397,125.7531673
90,12.65995626,334.1977788,124.7667514
90,11.97463472,334.6696783,123.9758565
90,10.90099045,335.3409612,123.2251094
90,10.402659,336.1282652,123.0118982
90,9.457797948,336.4953434,122.2846333
90,8.783718895,336.8243349,121.8220929
90,8.027456445,337.3159155,121.3973508
90,7.176637709,337.5917356,120.8381632
90,6.693267783,337.9613684,120.9279665
90,6.005388332,338.4391555,120.6061416
90,5.224905604,338.7833339,120.0982898
90,4.569557918,339.2768355,119.570521
90,4.233893394,340.0108042,119.1656684
90,3.726389421,340.0555249,118.5849657
180,3.275961284,340.1600968,117.9842096
180,2.698791943,340.5860103,117.5226664
180,2.936825956,342.2906702,117.2077674
180,19.91993936,351.1766814,112.8878093
180,19.42194514,1.487259498,113.7231619
180,25.68212258,7.269856131,109.0696106
180,27.46115463,12.35580538,106.090528
180,25.7990964,13.42970151,106.5340805
180,20.99341628,14.22878071,107.9886512
180,19.55824157,14.3976153,108.3258782
180,19.45590826,15.4981449,109.0406779
180,19.77106001,15.06343921,109.2241642
180,19.58198672,15.8731035,109.381279
180,19.31938473,16.34954505,109.7891028
180,19.54795189,14.88756526,110.0921719
180,18.56243584,14.05381431,110.2555227
180,18.13743415,13.68287357,110.9080039
180,17.45008148,14.3744251,110.9976501
180,17.11345561,15.46710169,111.0885462
180,16.70888472,16.47508051,111.4820061
180,16.86973397,17.01047684,112.0550795
180,16.62984748,18.07557825,112.4668579
180,16.50884385,19.75766431,112.5559919
180,16.04312569,20.94800577,112.9000627
180,16.07913103,22.29574894,113.2361968
180,15.89522307,24.86884342,113.728025
180,15.69039252,26.96465623,114.1264983
180,14.99152586,28.70226489,114.5880483
180,14.72426568,30.08572995,115.0506297
180,14.48641288,30.57181403,115.2451125
270,14.92991243,28.58158057,114.4114606
270,14.9239787,29.42867942,114.8703673
270,20.76896602,18.49321188,114.2118483
270,33.89721798,19.06801157,114.2527475
270,38.45625314,12.62899245,116.0988998
270,40.83970571,4.927275842,117.1106148
270,43.29032636,7.426884741,117.5587298
270,42.9771656,6.491783179,116.6211224
270,42.92432042,6.046144071,116.1113991
270,42.45755213,6.427841936,116.4690551
270,42.25604447,6.795075594,116.3711375
270,42.17185214,6.792182155,116.1843455
270,41.98160064,6.638256159,115.6074677
270,41.30613591,7.247383955,115.66827
270,40.75626812,7.375052997,115.5211478
270,39.73701948,7.450846752,115.3042756
270,39.23782486,7.533417763,115.380241
270,38.73851071,7.821350364,115.5337973
270,38.80323358,8.158642181,115.7876618
270,38.73349735,8.247433786,115.9761203
270,38.32304738,8.512708088,116.2025684
270,37.94532425,8.978931678,116.2927133
270,37.76725781,8.919334009,116.2041394
270,38.42791127,9.124932094,116.5903046
270,38.69729393,9.135067241,116.7858939
270,38.45883837,9.256007693,116.8397704
270,38.53742311,9.192414363,116.8906417
270,38.05394475,9.216344785,116.4242627
270,37.0552823,9.786867071,116.0337671
270,36.67027479,9.950579022,115.90092
0,31.75786955,223.8260267,106.6785185
0,31.19333392,229.3378528,108.6252112
0,27.35654175,213.194004,109.4077665
0,35.03506944,197.0227662,118.7121575
0,37.50922009,196.2898049,121.3580225
0,36.21240622,196.4220237,119.8568836
0,32.18349278,196.068698,117.3768555
0,31.36534882,196.8037767,117.0610549
0,31.5638307,198.2405616,117.8257902
0,30.57939554,200.8784489,119.1154255
0,29.19352625,204.2307741,119.5866813
0,28.40142921,206.9976564,120.2088432
0,27.61942378,209.1170368,120.6506062
0,26.99675129,212.32295,120.4760539
0,26.93706397,215.1449246,120.4907798
0,26.58099255,217.2000602,120.9452469
0,25.60701099,219.4043125,120.4315893
0,24.98081413,221.6786426,120.3160772
0,25.18331045,224.4701272,120.8280682
0,24.83087098,226.6824665,121.1842489
0,23.71487613,228.9947587,121.0267447
0,23.23876242,231.3727847,121.1554255
0,22.41003679,233.3470509,121.1374211
0,21.33338553,235.1962017,121.1716403
0,20.68471905,237.0470737,121.1116849
0,20.18394324,239.32807,121.3053071
0,19.62134056,241.5871141,121.0621251
0,19.17753536,243.7747007,121.258452
0,18.52856152,245.6195963,121.2112691
0,18.01920358,247.4995307,121.2253393
0,17.40397258,249.4147636,121.3410563
0,16.785125,251.1797323,121.0834626
0,16.29188801,253.0332953,121.0632179
0,15.93101326,254.6348654,121.0864269
0,15.54826141,256.0169269,121.125277
0,15.08451376,256.7890183,121.2503514
0,14.66314744,258.2478716,121.2800081
0,14.32530409,259.8083444,121.2356529
0,13.97893239,261.0581461,120.865279
0,13.64705008,262.3646178,120.7571161
90,13.14782985,263.7377864,120.4644699
90,12.65749825,265.0421749,120.3636699
90,10.91694407,275.5475659,120.4657676
90,2.032375081,311.8050685,134.9946865
90,340.9682584,319.7425406,151.0206735
90,335.8856671,319.0649312,155.8193185
90,336.512144,319.4687012,154.0068185
90,337.2826781,318.9932313,151.2573395
90,336.1967395,319.3746769,149.9736875
90,334.6419033,320.1576214,148.6608841
90,334.6772973,321.7920208,145.8576379
90,334.1287853,322.6431853,144.5095225
90,333.6800402,323.3130698,142.9876334
90,332.8689774,324.3341967,140.9839974
90,332.1672626,325.4048699,139.0372295
90,332.1209061,325.9468795,136.9770806
90,333.15381,326.7932014,135.4900937
90,331.0719086,326.7547816,135.9235649
90,327.5727412,327.9820539,134.340969
90,327.9897823,330.3756664,132.9837148
90,327.2050243,330.0571235,135.6142256
90,326.6955878,328.8793359,136.7063045
90,327.7614013,329.9382406,134.695087
90,327.4955191,331.0710138,133.6366809
90,326.93794,331.5936121,133.0081533
90,327.0896077,332.4879161,131.6136335
90,327.2883458,333.1511172,130.2466805
90,328.3754523,334.1523905,128.3051855
90,327.9987264,334.5413134,127.8446668
90,327.5854522,335.0371151,127.3486995
90,327.335416,335.4224863,126.6892994
90,327.5639132,335.7843617,125.7768544
90,327.5630867,336.7953407,124.4863721
90,327.3883158,337.2794474,124.030416
90,327.2066601,338.268773,123.0250805
90,327.2972113,339.0499008,122.1940377
90,327.2268058,339.9534341,121.3413569
90,327.3484992,340.745526,120.4582271
90,327.306678,341.2326517,119.7757682
90,327.2948071,341.9130546,118.9126509
180,327.3887939,342.5889684,118.1065246
180,327.2895513,343.3608703,117.3861992
180,337.8798689,357.5558881,108.0670823
180,357.8792525,17.56509674,102.5855208
180,6.897758951,25.88135578,101.8128693
180,14.65694051,29.69773764,102.5694016
180,15.64037846,29.120935,103.6036766
180,15.22851464,25.54320336,103.9698362
180,14.47400584,26.40157885,104.5563241
180,13.69275258,28.00011803,105.3243105
180,12.90930427,29.83806046,105.9094665
180,11.97546203,30.91430362,106.7374289
180,12.04885412,31.75425296,107.4600287
180,11.73665044,31.93785528,107.9029187
180,11.58807846,31.79116672,108.2073539
180,11.29856552,31.68789767,108.4637865
180,11.0873385,32.18025527,108.9132198
180,11.23415086,32.99128218,109.1106669
180,11.15042725,33.48928152,109.6166746
180,10.94262814,33.88264919,110.1483707
180,10.72887566,34.29213611,110.5125974
180,10.78469709,34.52067082,110.9361306
180,10.75388269,34.88120919,111.3419941
180,10.86612404,35.67319694,112.1174323
180,10.8695878,36.197513,112.2206569
180,10.67291763,36.61367984,112.6232283
180,10.84376969,36.89508705,113.0969839
180,10.68500365,37.42432767,113.5140011
180,10.74529714,37.69789382,113.9473424
180,10.68268992,38.05190936,114.3731364
180,10.74792079,38.35234547,114.8758588
180,10.8596772,38.67451525,115.2651933
180,10.79774019,38.7727846,115.4690061
180,10.58112245,38.95436859,115.7300013
180,10.64930908,39.17277414,115.9251261
180,10.6267225,39.23109712,116.0881491
180,10.63229935,39.55707814,116.5007472
180,10.66390776,39.90573881,116.8983188
180,10.48998211,40.25418774,117.1765671
180,10.40189658,40.51718759,117.5167788
270,10.49816468,40.7117387,117.737107
270,10.42674822,40.56576048,117.9346224
270,14.00924477,37.44984526,120.4749474
270,30.5463545,17.76952431,122.9604805
270,41.39188894,351.7081384,108.3920832
270,46.8212951,337.6201065,99.15848022
270,46.81642176,337.3457669,98.92384956
270,46.44213422,339.7383634,101.2950112
270,46.87707384,341.7405138,102.3228727
270,45.87641015,344.4928939,104.5846694
270,46.27056329,344.7511468,104.4678321
270,46.59804012,345.1401721,104.2110648
270,46.30786978,346.3086331,104.7409578
270,46.45489985,347.049216,105.0673657
270,45.97883225,347.9106181,105.4511677
270,45.87526267,348.9336763,105.9899261
270,45.76257821,349.8753493,106.5721656
270,45.53188857,351.063424,107.2390038
270,45.16009064,352.5095066,107.6643129
270,43.69161363,355.0009252,108.3000327
270,43.09096679,356.2207974,108.7523757
270,42.76249275,356.8317591,109.1248532
270,42.57388732,358.0412638,109.9291763
270,42.87750972,358.1578613,109.6052614
270,42.24102488,359.0124189,110.078293
270,41.04288335,358.9970439,110.0900341
270,40.60802569,359.5092704,110.3249857
270,39.61674668,359.99779,110.4092908
270,39.21930138,0.407303097,110.7089858
270,39.43197981,0.596052306,110.5693153
270,39.10092738,1.128379054,110.7735448
270,39.28259675,1.033226515,110.8010363
270,39.48739655,1.907271202,111.2620535
270,39.07202543,2.39463316,111.6409173
270,38.37493291,3.37580691,112.5033858
270,38.4802715,3.550601056,112.5405967
270,39.62256941,2.708762952,112.0930075
270,40.44016013,1.993471391,111.5567694
270,40.06488905,2.033291394,111.5507998
270,39.95682863,2.07453912,111.6165267
0,35.6934143,23.98153354,101.337816
0,35.2158304,23.87247079,101.7553455
0,34.5655998,23.79706209,102.0894237
0,31.9745573,4.626021384,99.95119197
0,27.27210183,333.489203,101.8333872
0,29.28586699,329.5026624,102.9649651
0,30.37536413,332.18066,104.0953614
0,32.20095416,335.198048,104.4324313
0,31.57391889,335.5542783,104.4118929
0,30.90580345,336.2376216,104.5828799
0,30.30182006,336.9232001,104.6657915
0,30.01555659,338.2303481,104.6015263
0,29.89819345,339.11844,104.3331955
0,29.50327191,337.9791611,104.0512179
0,29.80332895,338.7188791,103.600282
0,29.88220398,339.1636781,103.6205199
0,28.81411949,339.9354246,103.5132517
0,28.29596938,339.4640937,103.374353
0,27.8306081,339.3471233,103.4892231
0,26.78650611,338.8556263,103.6617674
0,26.26840724,338.8941281,103.6906932
0,25.96544737,338.1545996,103.7183896
0,25.52661625,338.0781595,103.5084091
0,25.11805824,337.4990875,103.547068
0,24.41628021,337.5673826,103.5834661
0,24.3452599,337.3802559,103.7493645
0,23.48396622,337.4659201,103.8194013
0,23.13208682,337.3241954,103.7513112
0,22.76169762,337.3675876,103.7564475
0,22.51813307,337.1791427,103.7160264
0,22.09657721,337.0565084,103.6746013
0,21.62969451,336.9535433,103.477284
0,21.41341315,336.4405414,103.3747697
0,20.39903956,336.3837945,103.5208401
0,20.0759904,336.1035638,103.5156286
0,19.81219141,335.9505266,103.4270343
0,19.47891746,335.634492,103.3142815
0,18.47071323,335.9815134,103.3742232
0,18.31704081,335.6608224,103.2774463
0,18.34182586,335.2671422,103.1783198
0,18.1568797,334.951176,103.0885437
0,17.90319281,334.6349416,103.0782507
0,17.66155267,334.5104785,103.1216975
0,17.30583642,334.4790409,103.150275
0,16.88930075,334.2797394,103.140863
0,16.80128181,334.1875062,103.1513678
0,16.44273615,334.193848,103.1969457
0,16.06277102,334.2342981,103.2907378
0,15.59149138,334.0415553,103.3860121
0,15.56501245,333.8917436,103.2766267
90,15.37155246,333.9922328,103.2979505
90,15.00140402,333.8730392,103.3119661
90,14.74072131,333.7797456,103.2483838
90,8.396176523,345.7374978,104.174093
90,349.3326592,4.126733275,104.0100046
90,340.0690196,13.39910824,97.6352729
90,334.817948,13.89617355,97.12889634
90,334.687558,14.01702179,96.47530188
90,334.110868,13.98782188,96.45291252
90,333.2035782,14.0526122,95.8987861
90,332.1216284,14.37294807,95.51269599
90,331.7992861,14.90950212,94.99878573
90,332.2598048,15.29330411,94.54116306
90,332.2252731,15.73697612,94.08780925
90,332.3293259,15.96396721,93.82022976
90,331.8183031,16.06501303,93.53276759
90,331.6763684,16.11822874,93.34447293
90,331.5346368,16.45418526,92.91028464
90,331.3270434,16.35020246,92.85778097
90,331.5078403,16.14998058,92.87365433
90,331.9430155,16.17139323,92.81397897
90,332.2082898,16.2671115,92.72006387
90,332.0534853,16.37242277,92.48438819
90,332.3544593,16.5015714,92.32429539
90,332.5358555,16.81947914,91.97954159
90,332.790963,16.8382929,91.9106523
90,332.3549135,17.01176604,91.64203462
90,332.1392571,16.9926603,91.51476771
90,332.0186155,16.91285637,91.45049563
90,331.7764272,16.96425183,91.28263007
90,331.2769406,16.94226375,91.09967662
90,331.0705801,16.92557759,91.03196896
90,331.4862978,16.8670719,91.15719364
90,331.8586302,16.79307705,91.25813701
90,332.0686825,16.80549433,91.24860207
90,331.7719005,16.81728494,91.08535371
90,332.0537175,16.6135165,91.21148682
90,331.8944512,16.62463604,91.13932587
90,331.559678,16.62845753,91.05415341
90,331.4554391,16.64898908,91.16276025
90,331.1560394,16.64235355,91.16133957
90,331.1922087,16.49526714,91.28750682
90,331.0351041,16.43752301,91.42547664
90,330.7000218,16.57194967,91.33333739
90,330.5054946,16.52961445,91.34561124
90,330.4591825,16.42094443,91.31312686
90,330.4075497,16.37757273,91.29203524
90,330.1931159,16.41038496,91.10740157
90,330.1048938,16.38855909,90.9751691
90,330.0581172,16.44295984,90.83487702
180,329.7321089,16.70773896,90.46503593
180,329.8054583,16.72036968,90.36664023
180,329.6250662,16.90656235,90.19846048
180,334.8310176,16.53383039,91.24067905
180,357.3646383,14.67796041,96.2863242
180,7.44494803,16.60939448,98.08810761
180,13.40518369,33.42992718,100.3766513
180,11.28535764,40.50264612,100.6922538
180,8.182602484,47.03844047,101.3605947
180,7.977662658,48.39431157,101.7148151
180,7.526227281,48.55844785,102.1038627
180,7.684314571,49.07378221,102.8378417
180,7.723263725,49.05462352,103.3298065
180,7.608744504,49.24589614,103.7623078
180,7.446854507,49.54539652,104.2617039
180,7.518580031,49.48874352,104.6224403
180,7.199195263,49.95553914,105.0175531
180,6.998615659,50.121482,105.3452997
180,6.820584643,50.49735414,105.750289
180,6.661829276,50.66600175,106.1714726
180,6.625272823,50.91633502,106.6824185
180,6.743643843,51.36685771,107.2517421
180,6.535420404,51.53483255,107.7353878
180,6.6029825,51.81504789,108.3628431
180,6.425255856,51.79498763,108.9065604
180,6.401235788,51.95375196,109.584443
180,6.439762324,52.03822774,110.1906837
180,6.311236093,52.23345845,110.7229535
180,6.254361107,52.19915724,111.176642
180,6.249217975,52.2452576,111.6964877
180,6.199960358,52.23365311,112.1236887
180,6.110750831,52.40128986,112.5783539
180,6.131062106,52.50164241,113.0306286
180,6.034556228,52.72841835,113.497834
180,5.834118778,52.63763831,113.8833231
180,5.498048284,52.89312837,114.0004949
180,5.45524605,52.99852502,114.4223001
180,5.424515321,52.89445001,114.8627449
180,5.283536375,52.98206767,115.2575025
180,5.287375795,52.99940953,115.6226444
180,5.237441563,53.10753825,115.9223394
180,5.122182974,53.16952905,116.1933477
180,5.114740629,53.08478689,116.5654837
180,5.084038502,53.22644843,116.9626182
180,5.195633548,53.37702678,117.4278907
180,5.299825949,53.44425633,117.8171432
180,5.135298218,53.62217593,118.1851948
180,5.208904605,53.74336056,118.6112756
180,5.139285768,53.796356,118.9667733
180,5.427270022,54.00694781,119.7801396
270,5.4835495,54.1706367,120.0491397
270,5.560454015,54.10232115,120.3572905
270,7.355071278,49.17006397,120.9080087
270,18.50273828,35.47498827,121.5493635
270,30.53035136,21.73412127,125.8088743
270,35.18751585,16.05803258,127.9669409
270,41.25094115,12.44862423,128.9010649
270,41.73785851,12.98424938,129.6019243
270,40.7723498,13.38404767,129.5974983
270,40.2761024,12.9473211,128.9870843
270,39.98942229,10.96440791,126.9393389
270,39.28967965,11.13426361,126.6623611
270,39.73092353,11.03486899,126.5128073
270,40.25726133,10.69201228,126.2387664
270,40.18887064,10.67262393,126.0947314
270,39.95708476,10.52076663,125.6066051
270,39.51176325,10.45215738,125.3051615
270,39.43102359,10.67418122,125.2717073
270,39.17799923,10.50539187,124.995672
270,39.11944402,10.49684218,124.9018389
270,39.16789397,10.61709706,124.8807882
270,39.03587665,10.86653556,124.7562739
270,39.05874754,10.68169698,124.4159255
270,39.08316547,10.76151372,124.3672809
270,39.14875578,10.63029127,124.1864175
270,39.05823186,10.51539127,124.0067426
270,39.04551405,10.35313073,123.8331738
270,38.9607958,10.27299383,123.6887699
270,39.1145536,9.938866101,123.4625131
270,39.10054489,9.996026247,123.5291484
270,39.16234785,9.761253862,123.3526017
270,39.21171304,9.805114775,123.3052138
270,39.27683548,9.780838575,123.1988815
270,39.19972948,9.745318177,123.0357356
270,39.0846203,9.729680459,122.8655546
270,38.7672658,9.734514525,122.6476305
270,38.75501586,9.65730692,122.3751333
270,38.30023796,9.573519282,122.0780474
270,38.04498696,9.581684773,121.9578497
270,37.88027012,9.583616863,121.9187264
270,37.91510408,9.383934575,121.6393444
270,38.03747375,9.257586321,121.453249
270,37.91857723,9.319725674,121.3756717
270,37.89367778,9.267723175,121.2531928
270,38.4691861,9.26358835,121.2957995
270,38.31859751,9.326315099,121.3022335
270,38.19285031,9.233475753,121.146997
270,37.94742454,9.272795445,121.0017735
270,38.02174041,9.395694453,121.0134941
270,38.03184226,9.386243179,120.9787558
0,30.71027904,33.84031226,118.1442409
0,30.3737522,32.63908006,118.0814578
0,32.45825422,22.75527382,117.4558535
0,32.13333529,4.843134315,114.0007545
0,30.52418712,353.4574391,112.9820454
0,30.86999618,348.2572664,113.6816002
0,29.87419217,346.4404651,114.1000791
0,29.32484005,345.3201698,114.1636955
0,28.95547025,344.233567,114.03593
0,29.15968608,343.1241052,113.7369658
0,28.81225826,342.913107,113.9078571
0,27.96740825,342.4878833,113.9068599
0,26.91562572,342.1004306,113.7021591
0,26.16979126,341.881868,113.5930878
0,25.33343972,341.382325,113.6005327
0,24.99780764,340.960612,113.5188573
0,24.45203283,340.5194194,113.2115876
0,23.75902989,340.3900983,112.96734
0,23.37943529,339.6377666,112.5849997
0,23.26285762,339.4619183,112.4508685
0,22.68023395,339.5142273,112.3145857
0,22.27342276,338.8355558,112.0470472
0,21.72943405,338.5573605,111.959129
0,21.25408874,338.0464265,111.7332888
0,20.96174811,337.6508953,111.6688938
0,20.53356355,337.2722826,111.564911
0,20.00745798,337.0437957,111.3911168
0,19.70379802,336.6607023,111.1606047
0,19.40729439,336.4247022,110.936397
0,19.0690139,336.2307829,110.7620291
0,19.02924512,335.8465984,110.5657089
0,18.5766563,335.7606388,110.5582504
0,18.17321751,335.5999176,110.4306146
0,18.08208913,335.4987915,110.343318
0,17.72199643,335.4602453,110.302692
0,17.47348,335.4107162,110.1764633
0,17.21927573,335.4146709,110.0419154
0,16.95750873,335.157376,109.8738108
0,16.64717567,335.0589803,109.7578
0,16.49195962,334.724523,109.5911229
0,16.16787397,334.4585998,109.432321
0,15.83457611,334.5152135,109.3924532
0,15.64399334,334.4360055,109.2546473
0,15.37105386,334.2085671,109.0938168
0,15.11199161,334.0152727,108.9519811
0,14.99344344,333.9721708,108.8271048
0,15.05248188,333.9116485,108.7287091
0,14.81872037,333.9026941,108.7066407
0,14.40540513,333.7458218,108.6997081
0,14.3280225,333.4421772,108.607965
0,13.98155006,333.425491,108.5860332
0,13.69831065,333.3148983,108.5653309
0,14.02970801,333.2668564,108.3130033
0,13.73189298,333.1603772,108.3131945
0,13.35569982,333.0010067,108.3006133
0,13.18039533,332.9375133,108.241498
0,13.0103296,332.8347565,108.2057283
0,12.77364732,332.6449609,108.0789873
0,12.65678535,332.5036511,107.9949009
0,12.62739248,332.3520294,107.9081711
90,12.45371614,332.2851499,107.7826391
90,11.93966671,332.851849,107.9099743
90,8.881902865,348.6069508,110.5552246
90,359.197951,0.474084658,111.8457137
90,347.4262211,11.22593073,112.0350739
90,336.2287287,18.99286241,106.1958222
90,334.5509781,20.00478909,104.3799003
90,333.6995558,19.70794907,103.1219365
90,332.0403918,20.57957,100.9582146
90,331.6387494,20.17922017,99.96158752
90,331.2410719,20.08156554,99.22590785
90,330.9231505,19.69273994,98.86640084
90,330.6498404,19.29869438,98.71113015
90,330.8530659,19.20877494,98.66359203
90,331.0623736,19.06654479,98.4284013
90,331.1821342,18.82618531,98.27740631
90,331.3801874,18.65893276,98.34453341
90,331.1035631,18.67341959,98.28758329
90,330.9600198,18.5036023,98.10110546
90,330.9743154,18.47483867,98.05097188
90,330.9342529,18.45150674,97.92158077
90,330.7020197,18.42179883,97.76320235
90,330.7809937,18.39084442,97.73864782
90,330.9119046,18.17198637,97.71942083
90,330.8427113,17.94968591,97.61996645
90,330.7426969,17.90228098,97.48441451
90,330.7056465,17.98835844,97.3517176
90,330.6159115,17.91801262,97.15726894
90,330.7065959,17.74168787,97.10716951
90,330.8391733,17.66074842,96.95927542
90,330.8427625,17.64641185,96.68421687
90,330.7260756,17.69311669,96.51090765
90,330.7447288,17.70687439,96.33046771
90,330.4883987,17.63312713,96.14757574
90,330.3915261,17.54127475,96.0705312
90,330.3792352,17.37204828,96.03631196
90,330.2245314,17.41950614,95.84516911
90,330.0707463,17.40039356,95.70228839
90,329.9374346,17.49179174,95.49437743
90,330.0693461,17.36283777,95.54804222
90,329.7541431,17.43801595,95.3090744
90,329.9032905,17.35168748,95.32715391
90,329.8180156,17.26930857,95.26135186
90,329.7776458,17.18145185,95.19889661
90,329.7600785,17.17061234,95.09520751
90,330.0183314,17.01836401,95.06384328
90,329.7413126,17.02987458,94.9001578
90,329.6812308,16.93906892,94.85241478
90,329.5795566,16.95819687,94.73613764
90,329.8769601,16.84550216,94.78743919
90,329.9642431,16.85287023,94.57550525
90,330.1571345,16.74929212,94.36652878
90,330.0593398,16.62633505,94.31736508
90,329.8852827,16.51631607,94.31856036
90,329.8216356,16.38448488,94.29328183
90,329.6504779,16.31121915,94.19425092
90,330.2013224,16.21350817,94.20990571
90,330.2403125,16.08148745,94.12916605
90,329.8394761,16.15441338,93.84908731
90,329.8036483,16.23121202,93.70215628
180,330.1906878,16.17968166,93.67900194
180,330.3468942,16.12786785,93.49251728
180,334.4261752,19.20599334,94.82400119
180,347.2707831,30.9745493,97.31804477
180,354.8046823,39.58392079,101.8778927
180,3.185605352,49.06271047,105.7379878
180,7.43899552,55.94918381,106.9296714
180,7.222171165,59.04408254,106.6176137
180,6.911597341,60.00603273,106.7566422
180,6.384185928,60.4115274,106.7750359
180,6.03691179,60.64676594,107.0781802
180,6.03350011,60.74801667,107.6070212
180,5.895232749,60.95943151,108.1520635
180,5.609059349,60.97880876,108.4441156
180,5.469562126,61.04473374,109.0867886
180,5.413487981,60.81120958,109.7919168
180,5.371810167,60.76675871,110.6025646
180,5.313886321,60.60378356,111.2175275
180,5.154083373,60.2205075,111.9079709
180,5.02620601,59.76947596,112.3254184
180,4.934765145,59.57564202,112.7848715
180,4.774570315,59.07319281,113.1342221
180,4.705837267,58.38475755,113.4832652
180,4.311285414,57.54659089,113.6794624
180,4.055504648,57.22703366,114.0376717
180,3.868862471,57.21508424,114.4285224
180,3.593236164,57.12964541,114.6660354
180,3.515381185,57.06530502,115.1224286
180,3.445257768,57.02901281,115.6010337
180,3.38006596,56.92689466,116.0443129
180,3.439941106,56.87109543,116.49251
180,3.342886679,56.83045922,116.9204896
180,3.353895236,56.67235058,117.2693347
180,3.347667384,56.65641917,117.6521531
180,3.26304753,56.72043853,117.9561649
180,3.239802689,56.93404245,118.3901824
180,3.099211996,56.90280799,118.6963251
180,3.042475749,56.93822253,119.1024618
180,3.028756887,56.85976756,119.5411922
180,3.069980708,56.85919382,120.023185
180,3.134078618,56.99869702,120.4730076
180,3.075391285,57.17902084,120.9288954
180,3.231273704,57.0885584,121.4695868
180,3.184334723,57.11469754,121.9363346
180,3.369712247,57.17948871,122.5137862
180,3.667381709,57.24425257,123.0069941
180,3.574112061,57.16248496,123.3002278
180,3.759321178,57.14990375,123.7136592
180,3.894301511,57.13656439,124.1507093
180,4.222506188,56.61438618,124.6065971
180,4.361639703,56.87094858,124.9934863
180,4.322895454,57.04434317,125.3731766
180,5.132275432,56.44393881,126.1456983
180,5.063032255,56.58471925,126.6003703
180,5.051906731,56.77721106,126.9354047
180,5.149059769,56.90540688,127.4217006
180,5.027241637,57.00747723,127.7236222
180,4.940419261,56.77646316,128.0235085
180,4.930204286,56.58369131,128.3842791
180,4.873086402,56.50449868,128.6909
270,4.90351276,56.42692481,128.9191922
270,4.760100132,56.30410776,129.128237
270,5.474523832,52.73969841,131.4265137
270,18.40286384,32.15329993,138.9286569
270,28.12093212,19.90304318,140.1769969
270,31.75288009,9.804031337,137.0848746
270,34.34252241,7.62919836,137.2523918
270,34.20692267,8.808158166,137.6865323
270,33.80131188,9.039512041,137.3429601
270,33.7554096,8.942630077,136.8221992
270,34.53619242,8.431031832,136.2471929
270,35.4581177,6.444250612,135.0386182
270,35.98393981,6.073057578,134.7094987
270,36.02099359,6.334241877,134.6230149
270,35.72675587,6.287312928,134.1555294
270,35.68150245,6.211925996,133.6900657
270,35.77868921,6.005022064,133.0293678
270,35.69591756,5.778729786,132.4886764
270,35.65291128,5.907120266,132.2203046
270,35.4415784,5.721968779,131.7352246
270,35.28682338,5.521708059,131.2666599
270,34.58701586,4.900858805,130.0938345
270,34.25691965,4.289043329,128.7783264
270,33.6316773,5.165163647,128.283766
270,32.39849348,6.614543022,128.0302294
270,32.02882657,6.176037194,127.2829248
270,31.56365995,5.776305068,126.4223619
270,30.8136881,5.454261222,126.2721934
270,31.2349127,4.649967601,125.2733329
270,30.83383033,4.913482275,125.7134429
270,30.66462264,5.217952899,125.8224664
270,30.69111694,5.592544378,125.909524
270,30.94680507,5.700770006,125.9126249
270,31.0540288,6.171741432,126.0691728
270,30.80995199,6.202382941,125.873324
270,31.20333673,6.16967658,125.6282431
270,31.53124728,6.555713322,125.4745912
270,31.79773736,6.416112794,125.2192924
270,32.14404161,6.045563078,125.0202607
270,32.21679679,6.298140912,125.0758857
270,32.00061105,6.183885508,124.8781244
270,32.56943262,6.223854067,124.8413917
270,33.23053005,6.308699958,125.0039502
270,34.97412366,7.385540752,125.6283934
270,35.17917619,7.714632073,125.7702701
270,35.68300851,8.239805318,126.0140805
270,35.70726251,8.336572024,125.923157
270,37.09977416,8.874074614,126.467769
270,40.09353486,9.23788464,127.3522785
270,40.5576189,10.3599319,128.0946518
270,42.03667587,12.80227435,129.3867187
270,46.25697121,13.1919836,129.3819375
270,48.27331136,15.84111089,131.3154411
270,47.63922733,16.92792889,131.8151105
270,47.52024885,17.06878958,132.2067672
270,46.82794429,16.26626114,131.8562965
270,45.66309651,14.99916201,131.1061095
270,44.63707232,14.15133831,130.4334315
270,44.17200816,13.57805151,129.6211717
270,44.25299371,12.78751261,128.7280835
0,53.78588532,144.2955463,221.5006615
0,54.4299585,140.9988325,218.4983016
0,55.93314653,136.9968881,215.941994
0,56.73221719,110.9478922,213.9735881
0,59.76864267,102.9202615,213.5354588
0,61.5378051,93.27580904,211.2160495
0,61.9322417,88.15239535,208.0664717
0,62.72154519,84.24407232,204.3701373
0,63.97587528,79.3785051,200.1043836
0,64.60347404,74.44321531,195.5484972
0,65.26452024,69.2949329,190.7811207
0,65.72122084,65.15993638,187.010829
0,66.19391774,62.03922295,183.6429583
0,66.5908815,58.70484071,180.3717075
0,66.98652704,55.4538824,177.5522291
0,67.16721969,51.94291245,174.1067539
0,67.37301329,47.82028198,170.3126111
0,67.40376964,43.39776865,166.3861403
0,67.44117858,39.53563135,162.9782447
0,67.21458706,35.7403377,159.4462992
0,66.80502842,31.56175432,155.5477092
0,66.43717492,28.34323941,152.6048266
0,65.78439326,24.72440712,149.1717413
0,65.24049846,21.57841345,146.2158676
0,64.76235107,18.53363123,143.5428731
0,63.98839501,15.48646527,140.7104756
0,63.26599323,14.14679197,139.7627732
0,62.60615597,12.00984605,137.7041132
0,62.15177081,10.14323304,135.918169
0,61.24351274,7.775216705,133.7522204
0,60.40613155,5.54566196,131.8713366
0,59.81669988,4.083609595,130.4008651
0,58.95358254,2.17419905,128.7916999
0,58.0664161,0.456046288,127.3165703
0,57.17235799,358.8943247,125.926135
0,56.34896503,357.4013365,124.5591956
0,55.59071841,356.2883173,123.6050455
0,54.73805467,355.1968727,122.5660508
0,53.96063229,354.254339,121.5903992
0,53.17358276,353.1182852,120.6504832
0,52.28593821,351.9888762,119.7116328
0,51.38824986,350.8514431,118.7803911
0,50.78579644,349.9089342,117.9375867
0,49.83642064,349.0620642,117.2249658
0,48.99953463,348.1848203,116.4986571
0,48.19134909,347.3998881,115.8576439
0,47.35400204,346.5213901,115.165049
0,46.57269329,345.8970638,114.5854119
0,45.83887484,345.1067623,114.0259579
0,44.97953118,344.4837858,113.5315068
0,44.22818988,343.8920217,113.0033761
0,43.7141191,343.210362,112.5347295
0,42.98175207,342.6429884,112.0995304
0,42.32626565,341.9970984,111.6392986
0,41.79393095,341.5469923,111.2929806
0,41.27530785,341.1435279,110.9768931
0,40.64532877,340.813623,110.6667206
0,40.00876538,340.2573382,110.3696279
0,39.32963626,339.7726048,110.0672212
0,38.66373721,339.3635875,109.7954139
0,38.11669029,338.884687,109.4845993
0,37.42784522,338.4341285,109.2323535
0,36.67457439,338.0614785,109.0046419
0,36.10474878,337.6700216,108.6996739
0,35.53979993,337.3821137,108.5280654
0,35.02618337,337.0328349,108.354927
0,34.36904745,336.7728489,108.2384996
0,33.72226952,336.5065484,108.1208154
0,33.32363236,336.2575316,107.9320085
0,32.77392166,335.8129785,107.823067
90,32.18275171,335.6864202,107.7788893
90,31.66747882,335.1800232,107.5997129
90,30.03730391,337.7506127,107.9064909
90,20.40805541,358.3640516,112.1190784
90,0.976033392,10.45566895,105.5784755
90,353.6496274,16.24496973,101.0503538
90,352.4693322,15.85304494,100.6349895
90,352.4363612,15.69187126,100.1452991
90,351.9551505,15.58658219,99.66255501
90,351.6128607,15.58042477,99.05130089
90,350.0187184,15.69687608,98.37435401
90,349.3410441,15.1091366,98.36744869
90,348.8031804,14.91839673,98.38504326
90,348.4224708,14.72994669,98.25211412
90,347.5619276,14.35730523,97.98461659
90,347.6017646,14.27421769,97.80259205
90,347.1854091,14.06818247,97.55650033
90,346.7892539,14.00649647,97.33408205
90,346.6065694,13.80846111,97.18756766
90,346.2680242,13.65551268,96.99219693
90,346.059624,13.53842702,96.83905726
90,345.8486045,13.40339247,96.73992389
90,345.3023789,13.47095073,96.5006692
90,344.9818142,13.41888761,96.41976561
90,344.8263454,13.43074823,96.25819748
90,344.6277355,13.3794612,96.17254008
90,344.3693972,13.37455883,96.08122045
90,344.2986211,13.29191183,96.03622316
90,344.3749604,13.20787404,96.02914709
90,344.3204897,13.09452449,95.98781761
90,344.0275702,13.12204247,95.81368877
90,343.5532494,13.0806686,95.6311588
90,343.5339097,13.11936845,95.52822785
90,343.0799156,13.08333749,95.32700364
90,342.8158929,13.08357911,95.17584473
90,342.5500176,13.08144894,95.01013751
90,342.0656513,13.17471859,94.75137579
90,341.9215018,13.09591614,94.66928375
90,341.6961107,13.08576733,94.54196219
90,341.4646868,12.97887999,94.48771
90,341.2726492,12.92453816,94.42881328
90,341.0414849,12.80596692,94.3681612
90,340.7284454,12.73655769,94.29222315
90,340.7821546,12.59402274,94.35593516
90,340.3327196,12.67291399,94.17495563
90,340.1120533,12.58752552,94.12633835
90,340.0653979,12.56132236,94.05559808
90,339.7784361,12.52615883,93.97528188
90,339.6858682,12.52456569,93.8911681
90,339.7623629,12.51353067,93.82565976
90,339.592824,12.55998961,93.724129
90,339.353209,12.56253471,93.6134731
90,339.4141633,12.55008926,93.56002687
90,339.0633563,12.61395238,93.42439298
90,338.5812798,12.53871016,93.38598682
90,338.4846702,12.52800469,93.30817731
90,338.4314596,12.4548491,93.32910501
90,338.166829,12.48319951,93.25054417
90,337.9211779,12.4357314,93.23391266
90,337.7385335,12.39107391,93.22082602
90,337.5885289,12.37693798,93.18277504
90,337.3856398,12.34061077,93.1501199
90,337.5256928,12.26049436,93.12646013
90,336.9438751,12.33716579,92.89011509
90,336.8619111,12.30394461,92.82211373
90,336.8824222,12.31126315,92.75302636
90,336.7530892,12.37501187,92.66129009
90,336.8117229,12.5110146,92.53937122
90,336.5442647,12.42257219,92.49652544
90,336.4918754,12.41299455,92.43535426
180,336.3665483,12.49849742,92.40779445
180,336.2026186,12.52088678,92.3375118
180,341.2304421,15.92176347,93.25471742
180,355.6463849,24.98977875,94.91393429
180,6.005300821,36.12746599,96.93517851
180,7.882984283,48.16556171,97.01099361
180,10.84406766,54.96175361,98.0570644
180,10.93576295,56.49327327,98.39278186
180,10.36617383,57.23706038,98.68676003
180,10.22928404,57.19082341,99.14636346
180,10.07741905,57.29840914,99.86341721
180,9.894277772,57.26327806,100.5562101
180,9.778537655,57.3971122,101.2711465
180,9.477553417,57.43595549,101.9235525
180,9.463532746,57.10803469,102.7343575
180,9.532207737,57.15036137,103.4849748
180,9.462535538,57.27404244,104.3004515
180,9.226507253,57.35094012,105.0433849
180,9.181027584,57.36063899,105.7177363
180,8.977337683,57.35540023,106.4097232
180,8.968359399,57.2535143,107.1765349
180,8.804406685,57.31366778,107.8528807
180,8.659036353,57.36115808,108.5320338
180,8.495492596,57.4632216,109.1704652
180,8.415586213,57.48175873,109.7872176
180,8.298769488,57.57868595,110.3742792
180,8.041878389,57.77115385,110.918577
180,7.899185492,57.78450004,111.455143
180,7.80699416,57.83501612,112.0430174
180,7.606962679,57.78116008,112.5348525
180,7.491741656,57.88226737,113.091588
180,7.406154263,57.7962343,113.6206135
180,7.215790915,57.68137784,114.0769521
180,7.165285935,57.71065886,114.5327579
180,7.060728545,57.70370573,115.0387042
180,6.895996762,57.65106546,115.4970645
180,6.795494797,57.66369448,116.0012964
180,6.689575639,57.57089953,116.4398629
180,6.555867002,57.6364352,116.9076625
180,6.469534264,57.55062753,117.4349668
180,6.316948265,57.45878881,117.8637251
180,6.229136365,57.39362197,118.4122849
180,6.24344305,57.15499907,118.9420617
180,6.114603057,57.08061831,119.3740575
180,6.148100439,57.13812509,119.8477857
180,6.111345057,57.12833401,120.3525504
180,6.140253406,56.99997085,120.8209921
180,6.148321994,56.97496553,121.2427153
180,6.041860689,56.90435162,121.6022701
180,5.939944021,56.83398359,121.9791736
180,5.830265697,56.61441009,122.3936431
180,5.711158297,56.66135398,122.6699653
180,5.715904852,56.80091865,122.9907519
180,5.77491854,56.72965928,123.3218932
180,5.858581954,56.46201832,123.6080098
180,5.866076379,56.6519932,123.890602
180,5.705350929,56.7033733,124.1031985
180,5.578767033,56.71070551,124.3528692
180,5.613690217,56.5879192,124.6594764
180,5.536635011,56.59213001,124.8693955
180,5.523166305,56.6206119,125.12953
180,5.531290815,56.65317141,125.4352357
180,5.494427003,56.66492617,125.7357093
180,5.422199887,56.72174651,126.0059116
180,5.266823756,56.70806223,126.2952111
180,5.225822984,56.69730809,126.6072825
180,5.23582793,56.65395347,126.912305
180,5.104584565,56.69233572,127.1223607
180,5.090361123,56.74534481,127.3752553
180,5.12784392,56.62922477,127.6891025
270,5.167607147,56.83734405,127.9561355
270,5.145490568,56.75258481,128.1778435
270,5.701503398,55.3137235,128.9703093
270,14.00144725,40.55247918,132.2748368
270,32.95359661,20.5190938,133.518382
270,36.38987844,12.99562591,135.1840603
270,40.64784911,8.520526093,133.158636
270,42.57068396,8.904925725,133.9688877
270,44.2554116,10.5598097,135.8163992
270,44.51053282,11.15278794,136.0525598
270,44.10122007,10.53008386,135.0828642
270,43.22244111,10.27319191,134.5113823
270,41.58221216,9.739427138,133.3880347
270,41.29842121,9.193200689,132.7337299
270,41.41845837,9.050649518,132.5826051
270,41.64963637,8.396576943,132.0826353
270,41.07487254,8.428605408,131.5766139
270,40.42784872,8.458077674,131.0739666
270,40.78333274,8.111046007,130.3965348
270,41.24130034,8.148708524,130.0575525
270,41.74291285,7.936959853,129.7462188
270,41.52164887,8.407567571,130.2914592
270,41.48854977,8.383301617,130.0849689
270,41.11935073,8.226158601,129.5430207
270,40.89337733,7.976008899,129.1414056
270,40.87379518,7.676401797,128.7600215
270,40.77637619,7.257404696,128.2086749
270,40.55251674,6.941595959,127.8202284
270,40.3084331,6.85607516,127.5161484
270,40.34552786,6.821252294,127.2988938
270,40.04280022,6.654171353,127.0008653
270,40.02797188,6.624591511,126.8248786
270,40.10830856,6.438839821,126.5560151
270,40.17502243,6.299470238,126.2891322
270,40.33860205,6.267343589,126.1515722
270,40.33422731,6.418446584,126.1699454
270,40.37314232,6.256985181,125.9021337
270,40.4088403,6.061021504,125.6263853
270,40.71489083,5.990053704,125.4598517
270,40.83456258,5.844274415,125.1351854
270,40.98756564,6.197074603,125.1008979
270,41.10067016,6.67460173,125.1160063
270,40.97943772,8.499996252,126.0460458
270,40.41391513,11.46224503,127.0657384
270,41.02260793,12.54767649,127.9529936
270,41.78362419,13.23653522,129.1343705
270,42.38523067,15.17556018,131.0666037
270,42.89705772,15.41471072,131.1382933
270,43.18966644,15.23362533,130.9059713
270,42.68461152,14.97523586,130.4535532
270,42.05217698,14.33097485,129.4987064
270,41.89786594,14.06906527,129.1943395
270,41.33586431,13.47295539,128.5071132
270,41.47684624,13.19681938,128.2025278
270,40.92489524,12.76705534,127.7308349
270,40.39633764,12.48959256,127.2928149
270,40.06012841,12.2688289,126.9259244
270,40.07464939,12.14491987,126.7961508
270,40.19877783,11.97484731,126.674874
270,40.57093435,12.15936402,126.9113898
270,40.56282008,12.56790324,127.6038617
270,40.4761723,12.5509934,127.5240031
270,40.5601085,12.55554658,127.4695802
270,40.65990098,12.28782621,127.2979102
270,40.67523475,11.68701118,126.8083359
270,40.48525646,11.33166889,126.4970842
270,40.47683483,10.97121077,126.2155028
270,40.3196756,10.78959263,126.039161
270,40.20168066,10.63670994,125.9062592
270,40.35902773,10.38109524,125.719713
0,60.84453407,37.16696614,138.6085395
0,60.1388116,35.65715624,137.4284741
0,59.85338483,32.89722023,136.3875123
0,55.71667734,4.062771542,134.6022101
0,56.61957371,343.484758,132.5584263
0,57.2446453,339.0525833,132.9485394
0,57.06100201,338.2603463,131.8259705
0,56.70978685,337.8452296,131.062328
0,55.71906108,336.946235,129.8223481
0,55.01362207,335.8331276,128.7742556
0,54.28536681,335.1222261,128.1236528
0,53.40591506,334.3270879,127.3009291
0,52.52964619,333.5272523,126.3159339
0,51.76616081,332.6824689,125.4391289
0,50.80701442,332.0559732,124.850913
0,49.96317529,331.6886217,124.4298318
0,49.13459821,331.117763,123.7895426
0,48.37641648,330.4583253,123.1181623
0,47.74579877,329.6690219,122.2800024
0,46.87960443,329.0912118,121.7100232
0,46.3131222,328.6453199,121.0879569
0,45.65342154,328.0863987,120.4810399
0,44.73422835,327.7215915,120.0283896
0,43.97860452,327.2393392,119.5092133
0,43.24361811,326.7837348,119.0909735
0,42.42206929,326.3509399,118.6579395
0,41.73339839,325.9317951,118.2091824
0,41.12322345,325.6673233,117.8202577
0,40.24858357,325.3867699,117.5808869
0,39.61379604,325.212361,117.2108
0,38.80383122,324.9565772,116.8690993
0,38.05671098,324.6431979,116.5945803
0,37.40117674,324.2322186,116.2263648
0,36.81137283,324.1125298,115.9704649
0,36.21281945,323.8383318,115.6454709
0,35.65654494,323.6719553,115.3535759
0,35.01496137,323.4945172,115.1292725
0,34.41755204,323.2000541,114.8732633
0,33.7766788,322.9590167,114.6942168
0,33.25278622,322.7649266,114.4143156
0,32.6343604,322.7034037,114.2209871
0,32.17896778,322.6616917,114.0230687
0,31.56818495,322.7660468,113.8208063
0,31.02012715,322.628077,113.7112296
0,30.46612026,322.4736361,113.5768183
0,30.18139358,322.3527452,113.3261094
0,29.71017883,322.2945144,113.1825935
0,29.19225583,322.1121791,113.020957
0,28.77952116,321.9696536,112.825436
0,28.29818749,321.7962487,112.7348472
0,27.87183342,321.6605055,112.5242452
0,27.41511574,321.5331601,112.3225634
0,26.8959155,321.3688462,112.1798192
0,26.43304041,321.2809383,112.0213588
0,26.12964853,321.2444275,111.8862987
0,25.62109826,321.1152686,111.8261998
0,25.24405815,321.0147692,111.6917681
0,24.85871254,320.8555814,111.6171687
0,24.59551291,320.8086443,111.4462159
0,24.06872945,320.6955159,111.3376296
0,23.72076204,320.6246015,111.1924471
0,23.52551426,320.5906554,111.049703
0,23.05682668,320.4863653,110.9867833
0,22.52518353,320.3870577,110.9262063
0,22.10528741,320.322772,110.837045
0,21.7308257,320.2616999,110.8175585
0,21.16379364,320.1529803,110.7300979
0,20.77297193,320.0450872,110.5924901
0,20.4439583,320.0104616,110.5489272
0,19.95713657,319.99285,110.5548558
0,19.55843964,319.8798889,110.5311755
0,19.29653775,319.7547735,110.4375268
0,18.98873015,319.6858466,110.3981371
0,18.62813202,319.6416621,110.3615887
0,18.40106067,319.5204399,110.2690465
0,18.14025673,319.4353938,110.1894748
0,17.7880307,319.4190219,110.1515672
0,17.43564075,319.3062384,110.0753901
0,17.15070746,319.2493326,110.0185903
0,16.94479775,319.1682344,109.9359108
90,16.82798444,319.0949191,109.7453417
90,16.54193441,318.958411,109.6214831
90,13.48893462,324.0332518,110.7458825
90,359.3403484,348.3470305,114.4396898
90,345.9101095,4.977899497,110.3127255
90,336.0296031,10.50056464,105.6296337
90,333.056198,11.26222635,104.2552972
90,332.4926938,11.4444225,103.8446252
90,331.8789723,11.14485126,103.3072396
90,331.727728,11.13106452,102.9549179
90,331.6692889,11.13259278,102.5826794
90,331.9499328,10.86037303,102.5802137
90,331.6133667,10.74567707,102.1560795
90,331.4859785,10.74669221,101.7901794
90,331.3750102,10.58757612,101.5152985
90,331.0601265,10.56478805,101.2617687
90,331.4504581,10.3613705,101.1915612
90,331.4935276,10.18073847,101.0748332
90,331.6452278,10.05898778,100.8677965
90,331.748391,9.837981646,100.7702751
90,331.8498791,9.967088443,100.4808458
90,331.8758406,9.820304262,100.209578
90,331.9663167,9.715995321,100.0445333
90,331.6136348,9.838601485,99.68493071
90,331.5232031,9.802084733,99.51903225
90,331.4354676,9.648227891,99.47292164
90,331.3448566,9.443230862,99.35081152
90,331.0992122,9.411835044,99.13479312
90,331.136167,9.275875006,98.98298534
90,330.8977422,9.387575066,98.71582932
90,330.7688941,9.41370054,98.46940292
90,330.4626796,9.411115313,98.23206068
90,330.4618019,9.360518125,98.11359105
90,330.439959,9.401359242,97.96840172
90,330.2153243,9.503860744,97.70871793
90,330.1303533,9.487442677,97.52932984
90,330.0638751,9.429592682,97.36987224
90,329.921954,9.501466763,97.22691638
90,329.7619329,9.431225951,97.08964324
90,329.7770208,9.475953445,96.86156956
90,329.5530077,9.353819417,96.68947612
90,329.4720324,9.224631512,96.59945422
90,329.467159,9.187557245,96.48289022
90,329.2080114,9.146933841,96.32003119
90,329.1251885,9.019591794,96.2440385
90,328.9089106,9.020098936,96.01789094
90,328.810006,8.971553366,95.87245572
90,328.7107429,8.999880722,95.75626054
90,328.7021949,9.02894147,95.60644717
90,328.7276271,8.897701092,95.60505381
90,328.6180436,8.810526534,95.43834939
90,328.4926515,8.686684959,95.32410081
90,328.4410495,8.607023609,95.2311556
90,328.3078642,8.528732566,95.13904367
90,328.1580918,8.390544178,95.06710128
90,328.0312347,8.346585081,95.00838215
90,327.8900888,8.394538985,94.83543493
90,327.9065189,8.396599141,94.7372373
90,328.0543481,8.346431402,94.68051258
90,327.9786696,8.373334663,94.53281657
90,327.9615497,8.277564312,94.46527283
90,327.910798,8.304896167,94.33478206
90,327.852755,8.316361494,94.22396907
90,327.8888731,8.326109881,94.16158212
90,327.8199052,8.388676975,94.05081695
90,327.7028358,8.318294437,93.91730724
90,327.606496,8.33608708,93.81231357
90,327.6018207,8.325604447,93.7479527
90,327.5422307,8.247797494,93.73768692
90,327.3537619,8.193466754,93.63590345
90,327.39559,8.120927584,93.56445284
90,327.4473389,8.034408724,93.56459627
90,327.4887503,7.646617049,93.48786592
90,327.7408902,7.260902607,93.475032
90,327.6657718,7.196123385,93.33625622
90,327.5827133,7.130017399,93.31671504
90,327.3942615,7.267755848,93.13656198
90,327.3667393,7.275610565,93.01816065
90,327.4369126,7.236352345,93.04908774
90,327.4595035,7.081884202,93.09156469
180,328.1195934,6.985764231,93.20361394
180,328.1293401,6.962219715,93.20103213
180,330.8754826,8.745447638,93.31076595
180,348.7022217,18.31997437,94.66268578
180,6.431120854,25.50302478,97.63210369
180,8.79660234,37.84001298,98.45553764
180,10.72985836,48.93408435,99.14029826
180,9.900195277,50.48388159,99.96537145
180,9.107169334,51.37486269,100.0715945
180,9.19572359,51.93217881,100.5435879
180,9.037300767,51.76285159,101.3167244
180,9.162156625,52.28478391,102.3122927
180,9.147550266,52.66983924,103.0552534
180,8.865645307,53.22880143,103.7966636
180,8.554710336,53.22315628,104.3717587
180,8.345546038,53.35033098,104.9342726
180,8.057297541,53.74891009,105.6082825
180,7.846111507,54.53150633,106.2489747
180,7.724795395,54.49252986,106.8903568
180,7.50700286,54.64969593,107.6035174
180,7.328209852,54.66596885,108.2402276
180,7.128134401,54.75348748,108.7359832
180,6.94007368,54.56085566,109.3580563
180,6.885849235,54.58226147,110.0410548
180,6.802297666,54.5605722,110.6855787
180,6.755790054,54.66675774,111.3572117
180,6.710844848,54.67644636,112.0270757
180,6.666871663,54.66187757,112.6399144
180,6.611979567,54.64575832,113.3154543
180,6.632894887,54.57300998,113.9520621
180,6.629560047,54.47416348,114.5508648
180,6.616554086,54.41906093,115.1696526
180,6.488769785,54.40327636,115.7188544
180,6.491026308,54.28376854,116.2065163
180,6.423150877,54.39514502,116.7614555
180,6.41094234,54.35248366,117.2960271
180,6.362336153,54.42080604,117.8434531
180,6.259717256,54.44282657,118.2795333
180,6.197260299,54.49252303,118.7513628
180,6.134512205,54.42653316,119.1482514
180,6.073285962,54.42455923,119.5997406
180,6.000983287,54.57635336,120.1363612
180,5.984212612,54.59856855,120.6478331
180,5.969749686,54.46322152,121.0596389
180,5.910603663,54.40686563,121.5238595
180,5.861376782,54.32358513,121.9346954
180,5.771400139,54.28944101,122.3775649
180,5.833221035,54.32565468,122.8009
180,5.728179982,54.53272894,123.1831447
180,5.626711546,54.38189787,123.4119834
180,5.678950113,54.27991632,123.7756636
180,5.771239202,54.30910171,124.2134378
180,5.70391787,54.25489733,124.6268691
180,5.565050306,54.23177714,124.9888282
180,5.67364946,54.17191395,125.4271624
180,5.638943561,54.23602893,125.8326161
180,5.543363174,54.12686885,126.1350568
180,5.468313483,54.00919835,126.4902677
180,5.45310009,53.96576518,126.8459839
180,5.391455071,53.93144006,127.2077244
180,5.295653557,53.8797731,127.5369532
180,5.292705477,53.61057827,127.794383
180,5.291050864,53.66236476,128.1235298
180,5.291843166,53.66304095,128.398199
180,5.286959153,53.61402068,128.6593855
180,5.279786174,53.6916731,128.930503
180,5.235189308,53.6563098,129.186922
180,5.249977094,53.60892536,129.4365927
180,5.308612134,53.6188667,129.7020958
180,5.34388878,53.63034483,129.9726806
180,5.327630796,53.60772325,130.2074888
180,5.383019361,53.55131272,130.4120393
180,5.424044465,53.57244532,130.6765999
180,5.363432086,53.66257991,130.9044277
180,5.430797388,53.56755832,131.1318183
180,5.340539853,53.67616174,131.3803553
180,5.322355328,53.62820699,131.6135379
180,5.339902084,53.62539636,131.8467069
180,5.355145786,53.5972833,131.9894988
180,5.35770668,53.57743819,132.2106604
270,5.3099564,53.65142963,132.3441769
270,5.344654188,53.68843901,132.6297881
270,6.280545918,52.95558703,132.8785709
270,15.70614977,36.21552079,134.4055963
270,24.28368745,21.78188307,133.2707604
270,30.65838667,9.789421562,130.6096504
270,34.22485874,8.431027563,131.2108709
270,36.02940497,9.016515648,132.8404858
270,37.19001803,10.25948628,133.4188252
270,35.96213443,11.42720274,133.1009072
270,35.83152073,12.04617668,133.4674288
270,36.37571263,11.99371998,133.0663874
270,38.04033902,11.17850872,132.9172844
270,38.58439432,9.748543733,131.6215429
270,38.45125344,9.346359997,131.585097
270,38.39276312,9.172434352,131.5763407
270,38.60842634,8.987086924,131.4629186
270,38.45724693,9.102689583,131.5104157
270,38.12629012,8.713862282,131.139154
270,37.95197003,8.868123812,131.0039708
270,37.83885527,8.299757304,130.4937967
270,37.44183686,8.417917015,130.4037748
270,37.35608725,7.918079503,129.8560893
270,37.16253335,7.744340835,129.4702929
270,36.90997344,7.687728812,129.1779881
270,37.00780566,7.540577509,128.8368065
270,37.02708728,7.121547111,128.3864784
270,36.99821949,6.901626119,128.1264668
270,37.00714655,6.622825054,127.7766382
270,36.87222299,6.536542689,127.5105067
270,36.9627025,6.272106793,127.27298
270,36.87053935,6.081056156,127.010086
270,36.81784444,6.151421192,126.9597885
270,36.83168923,6.027582605,126.7420694
270,36.82913133,6.141572059,126.6754477
270,36.69313884,6.011665703,126.4652282
270,36.86609289,5.789832685,126.2837637
270,36.76705174,5.680951786,126.1650277
270,36.72411034,5.654759291,126.1224073
270,36.89292871,5.561142584,125.9817601
270,37.05358842,5.368704565,125.7832338
270,37.15313159,5.348751875,125.7075963
270,37.27347953,5.235107772,125.6001164
270,37.29810919,5.262884871,125.5329483
270,37.30118277,5.088592531,125.3457602
270,37.40717707,5.061758852,125.2344418
270,37.36114501,4.980859103,125.1450756
270,37.30822811,4.997111111,125.0728668
270,37.30438613,4.966281345,124.9492131
270,37.24267537,4.952528332,124.8457493
270,37.28123521,4.922023427,124.750837
270,37.36131234,4.900461373,124.7001024
270,37.56740647,4.862487229,124.6458844
270,37.66801857,4.957381609,124.721959
270,37.72866382,5.125570748,124.7245272
270,37.79671641,5.076304167,124.5720773
270,37.88372961,5.042061867,124.5208509
270,37.67221231,5.050155214,124.4297498
270,37.56607117,5.015045908,124.3506563
270,37.42535903,5.066104987,124.2843078
270,37.48781428,5.063138977,124.2357042
270,37.4781359,5.01267882,124.1182932
270,37.36000095,5.033991999,124.1171731
270,37.2568207,5.008550825,124.0909451
270,37.27183687,5.079705174,124.0584334
270,37.28318864,5.061541567,124.0041334
270,37.42463503,5.012774443,123.9670045
270,37.40073961,5.066875944,123.9893939
270,37.3811677,4.956106925,123.9287282
270,37.35067774,5.148991894,124.0216597
270,37.44016688,5.14100356,124.0160453
270,37.52925645,5.103031551,123.8340481
270,37.54555328,4.976506992,123.7177982
270,37.6232057,4.85568308,123.5529585
270,37.68310988,4.762658038,123.4611744
270,37.80222155,4.636004133,123.3055827
270,37.87132599,4.414469935,123.1051303
270,37.66213437,4.436090045,123.0184415
270,37.69017912,4.354219556,122.9123004
270,37.64093004,4.46577234,122.9485004
0,46.0496374,12.73430373,121.8150305
0,45.20060391,12.76816183,121.905189
0,45.17720027,4.715009358,120.9359851
0,47.06983544,343.9755685,118.66395
0,45.98767051,331.4596926,117.7840441
0,43.51907964,322.9957973,118.3040947
0,43.25314622,321.9501943,118.1452245
0,42.3290148,321.4211313,118.2878662
0,41.00768738,320.4598368,118.4590853
0,39.83744375,320.6720098,118.5911129
0,38.93273397,320.7890793,118.566374
0,38.20509684,321.0352085,118.3484363
0,37.50832192,321.057311,118.0838347
0,36.84943748,321.289896,117.6478911
0,36.48005743,321.1788952,117.286137
0,35.9995024,320.9842895,117.0964763
0,35.24577053,320.9575049,117.0333653
0,34.69932808,320.7301074,116.8398797
0,34.5452595,321.0094656,117.1745863
0,33.79460122,321.0194445,116.9713745
0,33.33030887,320.836532,116.7237802
0,32.85179264,320.9872811,116.4303006
0,32.44642433,320.8485326,116.1210569
0,31.81861725,320.9160149,116.0733822
0,31.24675966,320.900162,115.9204953
0,30.75403664,320.9886813,115.6672592
0,30.21569479,320.9858399,115.4304702
0,29.58401499,320.7701357,115.247025
0,29.13335228,320.5384045,114.9772188
0,28.67750546,320.5796178,114.8635372
0,28.12297606,320.6590086,114.8108081
0,27.64987105,320.5371067,114.5252789
0,27.22312766,320.5099875,114.3132288
0,26.77480088,320.4567496,114.1588119
0,26.36167688,320.5052371,114.0635717
0,25.91727063,320.6384189,113.8647313
0,25.70032674,320.5242011,113.6669563
0,25.17474198,320.5175348,113.6148556
0,24.71613234,320.5500295,113.5653777
0,24.33967281,320.5401735,113.4600631
0,23.82113167,320.4842343,113.3695016
0,23.46739959,320.3512915,113.2487233
0,23.0640957,320.3773145,113.0996067
0,22.67547672,320.2978281,112.9565688
0,22.39800541,320.2525133,112.82379
0,21.96845994,320.2705279,112.7184411
0,21.39825525,320.2770917,112.6033046
0,21.12155063,320.321826,112.4418526
0,20.8096398,320.2455499,112.3120517
0,20.46282328,320.2434906,112.2255542
0,20.15443853,320.2127479,112.1260725
0,19.83104274,320.1601418,111.9886969
0,19.43369648,320.1487524,111.92896
0,19.15727019,320.1424311,111.8808277
0,19.06585152,320.0362934,111.6814476
0,18.81741705,319.9818704,111.6307267
0,18.47951393,320.0599805,111.6316487
0,18.28664646,320.1040113,111.5787899
0,17.99879327,320.1038371,111.5745347
0,17.70256113,320.0883736,111.5443521
0,17.49946716,320.0086618,111.481084
0,17.06533692,319.942088,111.4453143
0,16.93783778,319.9234074,111.3427864
0,16.84479695,319.9525894,111.205964
0,16.62050378,319.9448371,111.1347388
0,16.39407789,319.9813684,111.0473261
0,16.0641456,320.0762466,110.994317
0,15.80929758,320.1070063,110.9598587
0,15.54800699,320.0611587,110.855268
0,15.31457332,320.0515418,110.7889537
0,15.08313065,320.0615548,110.7480135
0,14.90575234,319.9582994,110.7156862
0,14.53764954,319.9072267,110.6947449
0,14.33416796,319.9242988,110.6443654
0,14.12445384,319.8542313,110.5660026
0,13.97938318,319.8706203,110.5274257
0,13.87849787,319.8132365,110.4339136
0,13.64322774,319.8089437,110.3842376
0,13.52016907,319.8397957,110.3280115
0,13.82427727,319.742865,109.9448174
0,13.72309655,319.8249673,109.9333495
0,13.60967272,319.8195544,109.880559
0,13.44207781,319.8606312,109.8512985
0,13.20922556,319.8294855,109.8354797
0,13.1186214,319.7465807,109.8084663
0,12.90616153,319.7185461,109.7531145
0,12.77255535,319.6047552,109.7176931
0,12.56445912,319.5429966,109.7729699
0,12.44810941,319.5827791,109.7301924
0,12.46930178,319.5298109,109.5990664
90,12.17075165,319.6529388,109.6548759
90,12.01208465,319.6862462,109.6509554
90,11.26781259,320.7297659,109.9777731
90,359.3770425,342.474602,119.5185843
90,340.0956847,355.4355062,119.3455893
90,333.6894129,1.486456844,114.5486928
90,328.7666924,3.89089965,112.3157058
90,327.3137575,5.370572622,110.9296965
90,327.0635813,5.696595907,110.4193107
90,327.1196401,5.689862194,110.0141438
90,326.8426998,5.732283645,109.6379029
90,326.4277351,5.891936329,109.1452345
90,326.0289306,6.025759799,108.6801532
90,326.1290987,5.833706405,108.4731575
90,326.1676176,5.812443599,107.9279172
90,326.3470159,5.717855298,107.5286312
90,326.4504967,5.697611471,107.1887541
90,326.3486005,5.759383275,106.7110917
90,326.3357154,5.875459351,106.2426978
90,326.387577,6.002851344,105.803059
90,326.3489523,6.353234499,105.2408661
90,326.0731868,6.333435061,104.9034684
90,326.0557732,6.403900415,104.574909
90,325.9977269,6.379477793,104.2047333
90,326.0217487,6.419050629,103.8126872
90,325.8580427,6.383365878,103.421898
90,325.7134817,6.518004275,102.98327
90,325.5434339,6.651805973,102.6009502
90,325.4328088,6.688733391,102.3083312
90,325.1035253,6.793062823,101.9553129
90,325.1936907,6.83521064,101.6722016
90,325.2467032,6.90967507,101.397949
90,325.3582197,6.90767297,101.1776207
90,325.4653888,7.023353323,100.9062095
90,325.4751764,7.035868791,100.6547698
90,325.3751039,7.041760256,100.4020323
90,325.3114021,6.962915967,100.2112583
90,325.235208,6.974520886,99.96653941
90,325.135716,6.865332201,99.78722645
90,324.9727443,6.944874023,99.45715756
90,324.9349119,6.964850191,99.19826607
90,325.0042895,6.99905834,99.00217134
90,324.834491,7.113287705,98.7298517
90,324.8090178,7.142246853,98.51858029
90,324.8470278,7.06389135,98.32576405
90,324.7780941,7.109181053,98.10854354
90,324.6176018,7.115672294,97.89852205
90,324.6852958,6.907322923,97.85444684
90,324.6120932,6.850190525,97.69643725
90,324.7289646,6.443673888,97.69645091
90,324.6469272,6.361941709,97.53094859
90,324.5700978,6.343415248,97.2648854
90,324.5548153,6.288798067,97.10783203
90,324.5070586,6.322814117,96.9263061
90,324.3859183,6.267534835,96.7639525
90,324.2193061,6.332175745,96.60135302
90,324.0220161,6.428627835,96.32917681
90,323.9864377,6.450872907,96.17486234
90,323.8497724,6.609522833,95.95976603
90,323.6887404,6.560253691,95.8612064
90,323.7981191,6.508536352,95.75874673
90,323.7238237,6.668821255,95.50794218
90,323.6267326,6.665135087,95.33457832
90,323.5783646,6.729942057,95.18152744
90,323.7157402,6.808169921,94.98083599
90,323.7221367,6.778509397,94.81869413
90,323.7091183,6.839584949,94.62835725
90,323.7220308,6.862409307,94.5037746
90,323.6051697,6.911324133,94.32568425
90,323.6190862,6.961966998,94.17769454
90,323.4230905,6.961921748,94.0263034
90,323.4141976,7.019673986,93.88222739
90,323.4622241,7.12766013,93.73384153
90,323.6013106,7.096529835,93.69926711
90,323.3832876,7.266230154,93.52662725
90,323.4341998,7.269074928,93.471774
90,323.4556671,7.247159412,93.39505048
90,323.4219328,7.220846108,93.3381072
90,323.2828838,7.286000137,93.22380398
90,323.2121469,7.363136878,93.03936155
90,322.7856528,7.55384942,92.65473311
90,322.6554353,7.579077578,92.58298197
90,322.6643521,7.568750332,92.5338934
90,322.6730059,7.633636275,92.49587657
90,322.6591099,7.652152064,92.45724502
90,322.7133689,7.627634246,92.43409751
90,322.7166611,7.628976378,92.36824766
90,322.6193309,7.698383053,92.28752165
90,322.6037307,7.748707033,92.20430946
90,322.6121046,7.738296117,92.16502904
180,322.6382744,7.805189283,92.07618194
180,322.613054,7.822175109,92.01890397
180,324.1018952,7.034583435,92.70809055
180,335.1824376,12.97829857,92.81509912
180,0.411824682,19.9611937,93.74634077
180,3.281647416,26.92404051,94.9488229
180,4.246979183,40.78517689,96.13685917
180,4.350061678,46.48102874,97.08831818
180,4.384473025,48.96705025,96.46164833
180,4.251653593,50.28544069,96.79733163
180,4.234786441,50.91613353,97.43378915
180,4.364059724,51.58010646,98.160774
180,4.660958229,52.12980009,99.00674074
180,4.828528809,52.49462439,99.75850551
180,4.771117654,52.56655312,100.4994444
180,4.833995095,52.51833881,101.2548155
180,4.730423814,52.54693681,102.0043127
180,4.715961315,52.38583656,102.7333944
180,4.726029014,52.4874083,103.5805701
180,4.633295109,52.59456714,104.2897076
180,4.519116544,52.64347129,104.9774872
180,4.47194555,52.57865963,105.7417581
180,4.442609888,52.50224689,106.4818295
180,4.432323623,52.4489236,107.1465231
180,4.443214359,52.35851921,107.8661313
180,4.513861567,52.21676205,108.661418
180,4.535717746,52.18426401,109.3160712
180,4.522757889,52.01875145,109.8926416
180,4.541105057,51.92413626,110.4903446
180,4.518109091,51.98776972,111.0922755
180,4.460432412,52.01697561,111.6208161
180,4.25679886,51.89845133,111.9803231
180,4.139661116,51.75981898,112.3425895
180,3.630589615,51.55267301,112.5773021
180,3.570070937,51.56245042,113.1410522
180,3.547196847,51.30901625,113.7504759
180,3.651498104,51.31495852,114.2303103
180,3.505984126,51.46783864,114.6424713
180,3.318846547,51.21590028,115.0015889
180,3.497832295,51.05299344,115.5178829
180,3.574887074,50.92823321,116.0061732
180,3.300832564,50.15714583,116.199809
180,3.203567682,50.02896367,116.2754739
180,2.548169196,49.59385671,115.8155153
180,2.914650253,49.45958544,115.5911299
180,2.334685657,49.38268776,115.5580308
180,2.286380852,49.04093924,115.8271812
180,1.736720311,48.95579752,116.1848782
180,1.821776657,48.88891972,116.800251
180,1.977997384,48.81353492,117.3491386
180,2.432433348,48.50003265,117.7837709
180,2.493632057,48.56689679,118.1136144
180,2.386266605,48.14011584,118.1744577
180,3.117819139,48.44106422,119.0216061
180,4.012980317,48.35615472,119.7727629
180,4.076599687,48.2842499,120.5185513
180,4.141751581,48.28135049,120.9163825
180,4.339014701,48.45259016,121.1799868
180,4.805389836,48.16812986,121.4710075
180,4.871461671,48.55225628,121.5969835
180,4.744511079,48.44965318,121.7527801
180,4.975106376,48.58246279,122.0119448
180,5.13158473,48.80980222,122.4918886
180,5.536325945,49.23647731,123.2091541
180,5.572021794,48.61536723,123.0899809
180,5.982217343,48.92976425,123.6485811
180,6.128506334,49.18884016,124.1416798
180,6.165312516,49.22470207,124.5616818
180,6.195873344,49.26202563,124.7785813
180,6.382770798,48.80874354,124.9293918
180,6.120323341,48.91135006,125.1146266
180,6.039217833,48.71107525,125.4196765
180,6.157377971,48.8333937,125.8992514
180,6.374875953,48.63736044,126.3473118
180,6.397425823,48.56301724,126.6955422
180,6.451941832,48.46856597,126.9083299
180,6.241297517,48.52687871,127.0827183
180,6.098932469,48.5218756,127.2464379
180,6.284197081,48.4196584,127.4331753
180,6.224364624,48.47749986,127.5208066
180,6.201130882,48.48327137,127.7037327
180,6.205215335,48.6007233,127.9433767
180,6.20384204,48.64821361,128.1617242
180,6.178229684,48.87160519,128.4872374
180,5.950656746,48.78790122,128.6380753
180,5.906373641,48.92693314,128.8966936
180,5.598981405,49.27170401,129.2338727
180,5.248691738,49.36349492,129.569918
180,5.155591991,49.45586982,129.9524632
180,4.940004327,49.6346227,130.3547067
270,4.780038308,49.25424263,130.8011552
270,4.572884647,49.17707857,131.0269203
270,4.489088044,49.18677061,131.3059199
270,9.115228957,44.94256619,131.5607269
270,24.8280928,27.90786267,134.6435191
270,27.3186342,19.23689312,136.3861736
270,32.34349338,10.94785921,134.7928407
270,36.45795494,2.623599457,131.8693422
270,38.46100012,359.9990667,130.9790543
270,39.80935801,359.6630561,130.5905258
270,39.31753658,359.930677,130.6757393
270,39.28049646,359.6879038,130.3461826
270,38.94381253,359.2362448,129.5579242
270,38.90962744,359.5849514,129.6346545
270,39.06899966,359.4465087,129.2594996
270,39.120933,359.3703483,128.8952456
270,38.7837812,359.1136883,128.172434
270,38.67831284,358.9931876,127.7153304
270,38.32929358,359.0209895,127.5946546
270,38.34169038,359.0141494,127.4951251
270,38.43306806,358.7518003,127.0885376
270,38.60225868,358.9395458,126.9055432
270,39.04649077,359.2738353,126.9284516
270,39.19137616,359.9800106,126.9361151
270,39.25867401,0.213781106,126.8750805
270,39.31997837,0.139443395,126.554649
270,39.16812619,0.262475205,126.3994261
270,39.33938635,0.227396234,126.1876356
270,39.3150743,0.16014259,125.9316265
270,39.31690479,0.009024923,125.592289
270,39.46707333,359.7477965,125.2614893
270,39.4295107,359.8493991,125.1861933
270,39.50282595,359.6205515,124.8962381
270,39.48347603,359.3369225,124.5535129
270,39.45524344,359.1972606,124.3214094
270,39.31942513,359.1756348,124.076875
270,39.15013889,359.0870366,123.8000201
270,38.69489312,358.9709887,123.4767745
270,38.49067729,358.6199475,123.0020627
270,38.06090813,358.4053144,122.7099082
270,37.6411691,358.300496,122.3818406
270,37.6149241,358.1156217,122.1721947
270,38.18772767,358.1234877,122.1718532
270,38.88686242,358.5468573,122.2596348
270,40.43318992,358.7215734,122.1580016
270,42.66458541,0.245023618,123.3745949
270,43.6168333,0.301502426,123.4546994
270,43.8879884,0.635329362,123.7745844
270,43.5409943,0.624999021,123.5926145
270,43.21650909,1.017510996,123.521403
270,43.75219058,1.541049479,123.5011993
270,44.26455039,2.05861368,123.7762647
270,45.24390048,2.147050756,123.7367179
270,45.56545895,2.620571122,123.8564238
270,45.35806709,2.592904587,123.5221953
270,45.3006935,2.542207295,123.3227674
270,45.29029795,2.471523588,123.2073509
270,45.21703051,2.472908195,123.1811093
270,45.09997815,2.355167047,122.9812853
270,45.17867217,2.3839802,123.0490954
270,45.18102517,2.331243242,122.9427357
270,45.22089982,2.176925363,122.8017196
270,45.86471686,2.054457937,122.7958593
270,45.97141808,1.992654756,122.8247237
270,45.92998273,1.880614681,122.7963238
270,46.36494967,1.847003747,122.6161297
270,46.62382409,1.550706512,122.3575251
270,46.86508344,1.469633234,122.2239676
270,47.31121091,1.321387927,122.1773037
270,47.60063334,1.268495796,122.0811347
270,47.41388914,1.361929155,122.0940164
270,47.47895352,1.286896112,121.9564017
270,47.48256328,1.139604683,121.731265
270,47.47007769,1.138712383,121.7449664
270,47.4227718,1.104830269,121.6467619
270,47.23592856,0.940944576,121.4133197
270,46.96239315,0.901242927,121.2113784
270,47.00724017,0.687086028,120.9980989
270,46.91147067,0.585712093,120.8141892
270,46.69698224,0.664553981,120.7714186
270,46.61380761,0.468027294,120.5109152
270,46.33773478,0.363003904,120.3318276
270,46.36699873,0.388573144,120.2758474
270,46.17184315,0.275231437,120.1666463
270,46.21408787,0.184737967,120.1118682
270,46.19762711,0.067283253,120.0274607
270,46.1006111,0.018388177,120.0051533
270,45.89206494,359.8201829,119.8423216
270,45.86065631,359.5810303,119.6767441
270,45.7341817,359.4190057,119.5508774
